Clase,Apellido,Nombre,Edad,Embarque,Superviviente
3,Abbing,Mr Anthony,42,Southampton,N
3,Abbott,Mrs Rhoda Mary �Rosa�,39,Southampton,S
3,Abbott,Mr Rossmore Edward,16,Southampton,N
3,Abbott,Mr Eugene Joseph,14,Southampton,N
3,Abelseth,Miss Karen Marie,16,Southampton,S
3,Abelseth,Mr Olaus J�rgensen,25,Southampton,S
2,Abelson,Mr Samuel,30,Cherbourg,N
2,Abelson,Mrs Hannah,28,Cherbourg,S
3,Abrahamsson,Mr Abraham August Johannes,20,Southampton,S
3,�dahl,Mr Mauritz,30,Southampton,N
3,Adams,Mr John,26,Southampton,N
3,Ahlin,Mrs Johanna Persdotter,40,Southampton,N
3,Aks,Mrs Leah,18,Southampton,S
2,Aldworth,Mr Augustus Henry,34,Southampton,N
3,Alexander,Mr William Albert,23,Southampton,N
3,Alhom�ki,Mr Ilmari Rudolf,19,Southampton,N
3,Ali,Mr Ahmed,24,Southampton,N
3,Ali,Mr William,25,Southampton,N
1,Allen,Miss Elisabeth Walton,29,Southampton,S
3,Allen,Mr William Henry,38,Southampton,N
1,Allison,Mr Hudson Joshua Creighton,30,Southampton,N
1,Allison,Mrs Bessie Waldo,25,Southampton,N
1,Allison,Miss Helen Loraine,2,Southampton,N
3,Allum,Mr Owen George,15,Southampton,N
3,Al-Mun�,Mr Far ?d Husayn Q?sim,18,Cherbourg,N
3,Andersen,Mr Albert Karvin,33,Southampton,N
3,Andersen-Jensen,Miss Carla Christine Nielsine,19,Southampton,S
1,Anderson,Mr Harry,47,Southampton,S
3,Andersson,Miss Erna Alexandra,17,Southampton,S
3,Andersson,Mr Johan Samuel,26,Southampton,N
3,Andersson,Miss Ida Augusta Margareta,38,Southampton,N
3,Andersson,Mr Anders Johan,39,Southampton,N
3,Andersson,Mrs Alfrida Konstantia Brogren,39,Southampton,N
3,Andersson,Miss Sigrid Elisabeth,11,Southampton,N
3,Andersson,Miss Ingeborg Constanzia,9,Southampton,N
3,Andersson,Miss Ebba Iris Alfrida,6,Southampton,N
3,Andersson,Master Sigvard Harald Elias,4,Southampton,N
3,Andersson,Miss Ellis Anna Maria,2,Southampton,N
3,Andreasson,Mr P�l Edvin,20,Southampton,N
2,Andrew,Mr Frank Thomas,25,Southampton,N
2,Andrew,Mr Edgar Samuel,17,Southampton,N
1,Andrews,Miss Kornelia Theodosia,62,Cherbourg,S
1,Andrews,Mr Thomas,39,Belfast,N
3,Angheloff,Mr Minko,26,Southampton,N
2,Angle,Mrs Florence Agnes,36,Southampton,S
2,Angle,Mr William,32,Southampton,N
1,Appleton,Mrs Charlotte,53,Southampton,S
3,Arnold-Franchi,Mr Josef,25,Southampton,N
3,Arnold-Franchi,Mrs Josefine,18,Southampton,N
3,Aronsson,Mr Ernst Axel Algot,24,Southampton,N
1,Artagaveytia,Mr Ramon,71,Cherbourg,N
2,Ashby,Mr John,57,Southampton,N
3,Asim,Mr Adola,35,Southampton,N
3,Asplund,Master Edvin Rojj Felix,3,Southampton,S
3,Asplund,Mr Johan Charles,23,Southampton,S
3,Asplund,Mr Carl Oscar Vilhelm Gustafsson,40,Southampton,N
3,Asplund,Mrs Selma Augusta Emilia,38,Southampton,S
3,Asplund,Master Carl Edgar,5,Southampton,N
3,Asplund,Master Filip Oscar,13,Southampton,N
3,Asplund,Master Clarence Gustaf Hugo,9,Southampton,N
3,Asplund,Miss Lillian Gertrud,5,Southampton,S
3,Assaf,Mrs Mariana,45,Cherbourg,S
3,Assam,Mr Ali,23,Southampton,N
1,Astor,Colonel John Jacob,47,Cherbourg,N
1,Astor,Mrs Madeleine Talmage,18,Cherbourg,S
3,Attala,Mr Sleiman,27,Cherbourg,N
3,Attalah,Miss Malake,17,Cherbourg,N
1,Aubart,Mme. L�ontine Pauline �Ninette�,24,Cherbourg,S
3,Augustsson,Mr Albert,23,Southampton,N
3,Ayoub Daher,Miss Banoura,15,Cherbourg,S
3,Backstr�m,Mr Karl Alfred,32,Southampton,N
3,Backstr�m,Mrs Maria Mathilda,33,Southampton,N
3,Baclini,Mrs Latifa,24,Cherbourg,S
3,Baclini,Miss Marie Catherine,5,Cherbourg,S
3,Baclini,Miss Eugenie,3,Cherbourg,S
3,Badman,Miss Emily Louisa,18,Southampton,S
3,Badt,Mr Mohamed,40,Cherbourg,N
2,Bailey,Mr Percy,15,Southampton,N
2,Baimbrigge,Mr Charles Robert,22,Southampton,N
3,Balkic,Mr Cerin,26,Southampton,N
2,Balls,Mrs Ada E.,36,Southampton,S
2,Banfield,Mr Frederick James,28,Southampton,N
3,Banski,Mrs Mara,31,Southampton,N
3,Barbara,Mrs Catherine David,45,Cherbourg,N
3,Barbara,Miss Saiide,18,Cherbourg,N
1,Barber,Miss Ellen Mary (Maid to Mrs Tyrell William Cavendish),26,Southampton,S
1,Barkworth,Mr Algernon Henry,47,Southampton,S
3,Barry,Miss Julia,26,Queenstown,N
3,Barton,Mr David John,22,Southampton,N
1,Bassani,Mrs Albina (Maid to Mrs William Robert Bucknell),32,Cherbourg,S
2,Bateman,Reverend Robert James,51,Southampton,N
3,Batoshev,Mr Hristo Lalev,23,Southampton,N
1,Baumann,Mr John D.,60,Cherbourg,N
1,Baxter,Mrs H�l�ne,50,Cherbourg,S
1,Baxter,Mr Quigg Edmond,24,Cherbourg,N
2,Beane,Mr Edward,32,Southampton,S
2,Beane,Mrs Ethel,22,Southampton,S
1,Beattie,Mr Thomson,36,Southampton,N
2,Beauchamp,Mr Henry James,28,Southampton,N
3,Beavan,Mr William Thomas,20,Southampton,N
2,Becker,Mrs Nellie E.,35,Southampton,S
2,Becker,Miss Ruth Elizabeth,12,Southampton,S
2,Becker,Miss Marion Louise,4,Southampton,S
2,Becker,Master Richard F.,1,Southampton,S
1,Beckwith,Mr Richard Leonard,37,Southampton,S
1,Beckwith,Mrs Sallie,46,Southampton,S
2,Beesley,Mr Lawrence,34,Southampton,S
1,Behr,Mr Karl Howell,26,Cherbourg,S
3,Bengtsson,Mr Johan Viktor,26,Southampton,N
2,Bentham,Miss Lillian W.,19,Southampton,S
3,Berglund,Mr Karl Ivar Sven,22,Southampton,N
2,Berriman,Mr William John,23,Southampton,N
1,Bessette,Miss Nellie Mayo (Maid to Mrs Ella Holmes White),39,Cherbourg,S
1,Bidois,Miss Rosalie (Maid to Mrs John Jacob Astor),46,Cherbourg,S
3,Bing,Mr Lee,32,Southampton,S
1,Bird,Miss Ellen (Maid to Mr & Mrs Isodor Straus),31,Southampton,S
3,Birkeland,Mr Hans Martin Monsen,21,Southampton,N
1,Birnbaum,Mr Jakob,24,Cherbourg,N
1,Bishop,Mr Dickinson H.,25,Cherbourg,S
1,Bishop,Mrs Helen,19,Cherbourg,S
3,Bj�rklund,Mr Ernst Herbert,18,Southampton,N
1,Bj�rnstr�m-Steffansson,Mr Mauritz Hokan,28,Southampton,S
1,Blackwell,Mr Stephen Weart,45,Southampton,N
1,Blank,Mr Henry,39,Cherbourg,S
1,Bonnell,Miss Caroline,30,Southampton,S
1,Bonnell,Miss Elizabeth,61,Southampton,S
1,Borebank,Mr John James,42,Southampton,N
3,Bostandyeff,Mr Guentcho,26,Southampton,N
2,Botsford,Mr William Hull,25,Southampton,N
3,Bourke,Mr John,42,Queenstown,N
3,Bourke,Mrs Catherine,32,Queenstown,N
3,Bourke,Miss Mary,40,Queenstown,N
1,Bowen,Miss Grace Scott (Maid to Mr & Mrs Arthur Ryerson),45,Cherbourg,S
3,Bowen,Mr David John �Dai�,26,Southampton,N
2,Bowenur,Mr Solomon,42,Southampton,N
1,Bowerman,Miss Elsie Edith,22,Southampton,S
2,Bracken,Mr James Hollen,29,Southampton,N
3,Bradley,Miss Bridget Delia,22,Queenstown,S
1,Brady,Mr John Bertram,41,Southampton,N
3,Braf,Miss Elin Ester Maria,20,Southampton,N
2,Brailey,Mr William Theodore Ronald,24,Southampton,N
1,Brandeis,Mr Emil Franklin,48,Cherbourg,N
3,Braund,Mr Lewis Richard,29,Southampton,N
3,Braund,Mr Owen Harris,22,Southampton,N
1,Brereton,Mr George Andrew,37,Southampton,S
1,Brewe,Dr Arthur Jackson,45,Cherbourg,N
2,Bricoux,Mr Roger Marie,20,Southampton,N
2,Brito,Mr Jos� Joaquim de,32,Southampton,N
3,Brob�ck,Mr Karl Rudolf,22,Southampton,N
3,Brocklebank,Mr William Alfred,35,Southampton,N
1,Brown,Mrs Caroline Lane,59,Southampton,S
1,Brown,Mrs Margaret �Molly�,44,Cherbourg,S
2,Brown,Mr Thomas William Solomon,60,Southampton,N
2,Brown,Mrs Elizabeth Catherine,40,Southampton,S
2,Brown,Miss Amelia Mary,18,Southampton,S
2,Brown,Miss Edith Eileen,15,Southampton,S
2,Bryhl,Mr Kurt Arnold Gottfrid,25,Southampton,N
2,Bryhl,Miss Dagmar Jenny Ingeborg,20,Southampton,S
3,Buckley,Mr Daniel,21,Queenstown,S
3,Buckley,Miss Katherine,22,Queenstown,N
1,Bucknell,Mrs Emma Eliza,58,Cherbourg,S
3,B?lus,Mrs Sult?nah,40,Cherbourg,N
3,B?lus,Miss N?r-al-Ayn,7,Cherbourg,N
3,B?lus,Master Akar,9,Cherbourg,N
3,Burke,Mr Jeremiah,19,Queenstown,N
1,Burns,Miss Elizabeth Margaret (Nanny to Master Robert Douglas Spedden),41,Cherbourg,S
3,Burns,Miss Mary Delia,17,Queenstown,N
2,Buss,Miss Kate,36,Southampton,S
2,Butler,Mr Reginald Fenton,25,Southampton,N
3,Butrus-Ka�W ?,Mr Tann?s,21,Cherbourg,N
1,Butt,Major Archibald Willingham,46,Southampton,N
2,Byles,Father Thomas Roussel Davids,42,Southampton,N
2,Bystr�m,Mrs Karolina,40,Southampton,N
3,Cacic,Mr Jego Grga,18,Southampton,N
3,Cacic,Mr Luka,38,Southampton,N
3,Cacic,Miss Marija,30,Southampton,N
3,Cacic,Miss Manda,21,Southampton,N
1,Cairns,Mr Alexander Milne (Manservant to Mr William Ernest Carter),28,Southampton,N
1,Calderhead,Mr Edward Pennington,42,Southampton,S
2,Caldwell,Mrs Sylvia Mae,28,Southampton,S
2,Caldwell,Mr Albert Francis,26,Southampton,S
3,Calic,Mr Petar,17,Southampton,N
3,Calic,Mr Jovo,17,Southampton,N
2,Cameron,Miss Clear Annie,35,Southampton,S
2,Campbell,Mr William Henry,21,Belfast,N
3,Canavan,Miss Mary,22,Queenstown,N
3,Canavan,Mr Patrick,21,Queenstown,N
1,Candee,Mrs Helen Churchill,52,Cherbourg,S
3,Cann,Mr Ernest,21,Southampton,N
3,Caram,Mr Joseph,28,Cherbourg,N
3,Caram,Mrs Maria Elias,18,Cherbourg,N
2,Carbines,Mr William,19,Southampton,N
1,Cardeza,Mrs Charlotte Wardle,58,Cherbourg,S
1,Cardeza,Mr Thomas Drake Martinez,36,Cherbourg,S
1,Carlsson,Mr Frans Olof,33,Southampton,N
3,Carlsson,Mr Carl Robert,24,Southampton,N
3,Carlsson,Mr August Sigfrid,28,Southampton,N
3,Carr,Miss Jane,45,Queenstown,N
1,Carrau,Mr Francisco Mauro Severiano,27,Southampton,N
1,Carra�-Esteves,Mr Jos� Pedro,17,Southampton,N
1,Carter,Mr William Ernest,36,Southampton,S
1,Carter,Mrs Lucile,36,Southampton,S
1,Carter,Miss Lucile Polk,13,Southampton,S
1,Carter,Master William Thornton II,11,Southampton,S
2,Carter,Father Ernest Courtenay,54,Southampton,N
2,Carter,Mrs Lilian,45,Southampton,N
3,Carver,Mr Alfred John,28,Southampton,N
1,Case,Mr Howard Brown,49,Southampton,N
1,Cassebeer,Mrs Eleanor Genevieve,36,Cherbourg,S
1,Cavendish,Mr Tyrell William,36,Southampton,N
1,Cavendish,Mrs Julia Florence,25,Southampton,S
3,Celotti,Mr Francesco,24,Southampton,N
1,Chaffee,Mr Herbert Fuller,46,Southampton,N
1,Chaffee,Mrs Carrie Constance,47,Southampton,S
1,Chambers,Mr Norman Campbell,27,Southampton,S
1,Chambers,Mrs Bertha,32,Southampton,S
2,Chapman,Mr Charles Henry,52,Southampton,N
2,Chapman,Mr John Henry,36,Southampton,N
2,Chapman,Mrs Sara Elizabeth,28,Southampton,N
3,Charters,Mr David,20,Queenstown,N
1,Chaudanson,Miss Victorine (Maid to Mrs Emily Ryerson),36,Cherbourg,S
1,Cherry,Miss Gladys,30,Southampton,S
1,Chevr�,Mr Paul Romaine Marie L�once,45,Cherbourg,S
1,Chibnall,Mrs Edith Martha Bowerman,48,Southampton,S
3,Chip,Mr Chang,32,Southampton,S
1,Chisholm,Mr Roderick Robert Crispin,43,Belfast,N
3,Christmann,Mr Emil,29,Southampton,N
2,Christy,Mrs Alice Frances,45,Southampton,S
2,Christy,Miss Rachel Juli Cohen,25,Southampton,S
3,Chronopoulos,Mr Apostolos M.,26,Cherbourg,N
3,Chronopoulos,Mr Dimitrios M.,21,Cherbourg,N
1,Clark,Mr Walter Miller,27,Cherbourg,N
1,Clark,Mrs Virginia Estelle,26,Cherbourg,S
2,Clarke,Mr Charles Valentine,29,Southampton,N
2,Clarke,Mr John Frederick Preston,28,Southampton,N
2,Clarke,Mrs Ada Maria,28,Southampton,S
1,Cleaver,Miss Alice Catherine (Nanny to Master Hudson Trevor Allison),22,Southampton,S
1,Clifford,Mr George Quincy,40,Southampton,N
3,Coelho,Mr Domingos Fernandeo,20,Southampton,N
3,Cohen,Mr Gurshon,18,Southampton,S
3,Colbert,Mr Patrick,24,Queenstown,N
3,Coleff,Mr Satio,24,Southampton,N
2,Coleridge,Mr Reginald Charles,29,Southampton,N
2,Collander,Mr Erik Gustaf,27,Southampton,N
2,Collett,Mr Sidney Clarence Stuart,25,Southampton,S
1,Colley,Mr Edward Pomeroy,37,Southampton,N
2,Collyer,Mrs Charlotte Caroline,31,Southampton,S
2,Collyer,Mr Harvey,31,Southampton,N
2,Collyer,Miss Marjorie Lottie,8,Southampton,S
3,Coltcheff,Mr Peju,36,Southampton,N
1,Compton,Mrs Mary Eliza,64,Cherbourg,S
1,Compton,Miss Sara Rebecca,39,Cherbourg,S
1,Compton,Mr Alexander Taylor Jr,37,Cherbourg,N
3,Conlin,Mr Thomas Henry,31,Queenstown,N
3,Connaughton,Mr Michael,40,Queenstown,N
3,Connolly,Miss Catherine,23,Queenstown,S
3,Connolly,Miss Kate,41,Queenstown,N
3,Connors,Mr Patrick,66,Queenstown,N
2,Cook,Mrs Selena,22,Southampton,S
3,Cook,Mr Jacob,43,Southampton,N
3,Cor,Mr Bartol,35,Southampton,N
3,Cor,Mr Ivan,27,Southampton,N
3,Cor,Mr Liudevit,19,Southampton,N
2,Corbett,Mrs Irene,30,Southampton,N
2,Corey,Mrs Mary Emma,30,Southampton,N
3,Cornblatt,Mr Harris,30,Southampton,N
1,Cornell,Mrs Malvina Helen,55,Southampton,S
3,Corr,Miss Ellen,16,Queenstown,S
2,Cotterill,Mr Henry,20,Southampton,N
3,Coutts,Mrs Winnie,36,Southampton,S
3,Coutts,Master William Loch,9,Southampton,S
3,Coutts,Master Neville Leslie,3,Southampton,S
3,Coxon,Mr Daniel,59,Southampton,N
1,Crafton,Mr John Bertram,59,Southampton,N
3,Crease,Mr Ernest James,19,Southampton,N
3,Cribb,Mr John Hatfield,44,Southampton,N
3,Cribb,Miss Laura Mae,16,Southampton,S
1,Crosby,Captain Edward Gifford,70,Southampton,N
1,Crosby,Mrs Catherine Elizabeth,64,Southampton,S
1,Crosby,Miss Harriette Rebecca,39,Southampton,S
3,Culumovic,Mr Jeso,17,Southampton,N
1,Cumings,Mr John Bradley,39,Cherbourg,N
1,Cumings,Mrs Florence Briggs,35,Cherbourg,S
2,Cunningham,Mr Alfred Fleming,21,Belfast,N
3,Daher,Mr Tannous,28,Cherbourg,N
3,Dahl,Mr Charles Edward,45,Southampton,S
3,Dahlberg,Miss Gerda Ulrika,22,Southampton,N
3,Dakic,Mr Branko,19,Southampton,N
1,Daly,Mr Peter Dennis,51,Southampton,N
3,Daly,Miss Margaret Marcella,33,Queenstown,S
3,Daly,Mr Eugene Patrick,29,Queenstown,S
3,Danbom,Mr Ernst Gilbert,34,Southampton,N
3,Danbom,Mrs Anna Sigrid Maria,28,Southampton,N
1,Daniel,Mr Robert Williams,27,Southampton,S
1,Daniels,Miss Sarah Rebecca (Maid to Mr & Mrs Allison),33,Southampton,S
3,Danoff,Mr Yoto,27,Southampton,N
1,Davidson,Mr Thornton,31,Cherbourg,N
1,Davidson,Mrs Orian,27,Cherbourg,S
2,Davies,Mrs Agnes,48,Southampton,S
2,Davies,Mr Charles Henry,19,Southampton,N
2,Davies,Master John Morgan Jr,8,Southampton,S
3,Davies,Mr Evan,22,Southampton,N
3,Davies,Mr Alfred James,24,Southampton,N
3,Davies,Mr John,21,Southampton,N
3,Davies,Mr Joseph,17,Southampton,N
2,Davis,Miss Mary Ann Charlotte,28,Southampton,S
3,Davison,Mr Thomas Henry,32,Southampton,N
3,Davison,Mrs Mary Elizabeth,34,Southampton,S
3,De Messemaeker,Mr Guillaume Joseph,36,Southampton,S
3,De Messemaeker,Mrs Anna,36,Southampton,S
3,De Mulder,Mr Theodoor,30,Southampton,S
3,De Pelsmaeker,Mr Alfons,16,Southampton,N
2,Deacon,Mr Percy William,18,Southampton,N
3,Dean,Mr Bertram Frank,25,Southampton,N
3,Dean,Mrs Eva Georgetta,32,Southampton,S
3,Dean,Master Bertram Vere,1,Southampton,S
2,Del Carlo,Mr Sebastiano,29,Cherbourg,N
2,Del Carlo,Mrs Argene,24,Cherbourg,S
3,Delalic,Mr Redjo,25,Southampton,N
2,Denbuoy,Mr Albert Joseph,25,Southampton,N
3,Denkoff,Mr Mitto,30,Southampton,N
3,Dennis,Mr Samuel,22,Southampton,N
3,Dennis,Mr William,26,Southampton,N
3,Devaney,Miss Margaret Delia,19,Queenstown,S
2,Dibden,Mr William,18,Southampton,N
1,Dick,Mr Albert Adrian,31,Southampton,S
1,Dick,Mrs Vera,17,Southampton,S
3,Dika,Mr Mirko,17,Southampton,N
3,Dimic,Mr Jovan,42,Southampton,N
3,Dintcheff,Mr Valtcho,43,Southampton,N
1,Dodge,Dr Washington,52,Southampton,S
1,Dodge,Mrs Ruth,34,Southampton,S
1,Dodge,Master Washington,4,Southampton,S
2,Doling,Mrs Ada Julia Elizabeth,34,Southampton,N
2,Doling,Miss Elsie,18,Southampton,N
3,Donohoe,Miss Bridget,21,Queenstown,N
3,Dooly,Mr Patrick,38,Queenstown,N
3,Dorking,Mr Edward Arthur,18,Southampton,S
3,Dougherty,Mr William John,22,Queenstown,N
1,Douglas,Mr Walter Donald,50,Cherbourg,N
1,Douglas,Mrs Mahala,48,Cherbourg,S
1,Douglas,Mrs Mary H�l�ne,27,Cherbourg,S
2,Douton,Mr William Joseph,55,Southampton,N
3,Dowdell,Miss Elizabeth,31,Southampton,S
3,Doyle,Miss Elizabeth,28,Queenstown,N
3,Drazenovic,Mr Jozef,33,Cherbourg,N
2,Drew,Mr James Vivian,42,Southampton,N
2,Drew,Mrs Maria Louisa Thorne,34,Southampton,S
2,Drew,Master Marshall Brines,8,Southampton,S
3,Driscoll,Miss Bridget,27,Queenstown,S
3,Dropkin,Miss Jennie,24,Southampton,N
1,Duff Gordon,Sir Cosmo Edmund,49,Cherbourg,S
1,Duff Gordon,Lucy Christiana,48,Cherbourg,S
1,Dulles,Mr William Crothers,39,Cherbourg,N
3,Duquemin,Mr Joseph Pierre,24,Southampton,S
2,Dur�n I Mon�,Se�ora Florentina,30,Cherbourg,S
2,Dur�n I Mon�,Se�ora Asuncion,27,Cherbourg,S
3,Dwan,Mr Frank,65,Queenstown,N
3,Dyker,Mr Adolf Fredrik,23,Southampton,N
3,Dyker,Mrs Anna Elisabeth Judith,22,Southampton,S
1,Earnshaw,Mrs Olive,23,Cherbourg,S
3,Edvardsson,Mr Gustaf Hjalmar,18,Southampton,N
2,Eitemiller,Mr George Floyd,25,Southampton,N
3,Eklund,Mr Hans Linus,16,Southampton,N
3,Ekstr�m,Mr Amandus,45,Southampton,N
3,Elias,Mr Dibo,29,Cherbourg,N
3,Elias,Mr Joseph jr.,15,Cherbourg,N
3,Elias Nasrallah,Mr Tannous,22,Cherbourg,N
3,Elsbury,Mr William James,48,Southampton,N
3,Emanuel,Miss Virginia Ethel,5,Southampton,S
2,Enander,Mr Ingvar,21,Southampton,N
1,Endres,Miss Caroline Louise (Nurse to Mrs Madeleine Astor),39,Cherbourg,S
3,Estanislau,Mr Manuel Gon�alves,37,Southampton,N
1,Eustis,Miss Elizabeth Mussey,54,Cherbourg,S
1,Evans,Miss Edith Corse,36,Cherbourg,N
3,Everett,Mr Thomas James,38,Southampton,N
2,Fahlstr�m,Mr Arne Joma,18,Southampton,N
3,Fardon,Mr Charles Richard,45,Southampton,N
3,Farrell,Mr James,25,Queenstown,N
1,Farthing,Mr John (Manservant to Mr & Mrs Straus),57,Southampton,N
2,Faunthorpe,Mr Harry Bartram,41,Southampton,N
2,Fillbrook,Mr Joseph Charles,18,Southampton,N
3,Finoli,Mr Luigi,34,Southampton,S
3,Fischer,Mr Eberhard Thelander,18,Southampton,N
1,Flegenheim,Mrs Antoinette,48,Cherbourg,S
1,Fleming,Miss Margaret (Maid to Mr & Mrs Thayer),42,Cherbourg,S
3,Fleming,Miss Honor,22,Queenstown,N
1,Flynn,Mr John Irwin,36,Southampton,S
3,Flynn,Mr James,28,Queenstown,N
3,Flynn,Mr John,42,Queenstown,N
3,Foley,Mr Joseph,19,Queenstown,N
3,Foley,Mr William,20,Queenstown,N
3,Foo,Mr Choong,32,Southampton,S
3,Ford,Mr Arthur,22,Southampton,N
3,Ford,Mrs Margaret Ann Watson,54,Southampton,N
3,Ford,Miss Dollina Margaret,20,Southampton,N
3,Ford,Mr Edward Watson,18,Southampton,N
3,Ford,Mr William Neal Thomas,16,Southampton,N
3,Ford,Miss Robina Maggie,7,Southampton,N
1,Foreman,Mr Benjamin Laventall,30,Southampton,N
1,Fortune,Mr Mark,64,Southampton,N
1,Fortune,Mrs Mary,60,Southampton,S
1,Fortune,Miss Ethel Flora,28,Southampton,S
1,Fortune,Miss Alice Elizabeth,24,Southampton,S
1,Fortune,Miss Mabel Helen,23,Southampton,S
1,Fortune,Mr Charles Alexander,19,Southampton,N
2,Fox,Mr Stanley Harrington,38,Southampton,N
3,Fox,Mr Patrick,28,Queenstown,N
1,Francatelli,Miss Laura Mabel (Secretary to Lady Duff-Gordon),31,Cherbourg,S
1,Franklin,Mr Thomas Parnham,37,Southampton,N
1,Frauenthal,Mr Isaac Gerald,43,Cherbourg,S
1,Frauenthal,Dr Henry William,49,Southampton,S
1,Frauenthal,Mrs Clara,42,Southampton,S
1,Fr�licher,Miss Hedwig Margaritha,22,Cherbourg,S
1,Fr�licher-Stehli,Mr Maximilian Josef,60,Cherbourg,S
1,Fr�licher-Stehli,Mrs Margaretha Emerentia,48,Cherbourg,S
2,Frost,Mr Anthony Wood,38,Belfast,N
1,Fry,Mr Richard (Valet to Mr Joseph Bruce Ismay),39,Southampton,N
2,Funk,Miss Annie Clemmer,38,Southampton,N
1,Futrelle,Mr Jacques Heath,37,Southampton,N
1,Futrelle,Mrs Lily May,35,Southampton,S
2,Fynney,Mr Joseph J.,35,Southampton,N
2,Gale,Mr Harry,38,Southampton,N
2,Gale,Mr Shadrach,33,Southampton,N
3,Gallagher,Mr Martin,29,Queenstown,N
3,Garfirth,Mr John,21,Southampton,N
2,Garside,Miss Ethel,39,Southampton,S
2,Gaskell,Mr William Alfred,19,Southampton,N
2,Gavey,Mr Laurence,26,Southampton,N
1,Gee,Mr Arthur H.,47,Southampton,N
3,George/Joseph,Mrs Shawneene,38,Cherbourg,S
3,Gerios Thamah,Mr Assaf,21,Cherbourg,N
1,Gibson,Mrs Pauline Caroline,44,Cherbourg,S
1,Gibson,Miss Dorothy Winifred,22,Cherbourg,S
1,Gieger,Miss Amalie (Maid to Mrs George Dunton Widener),35,Southampton,S
1,Giglio,Mr Victor Gaitan Andrea (Valet to Mr Benjamin Guggenheim),23,Cherbourg,N
2,Gilbert,Mr William,47,Southampton,N
2,Giles,Mr Ralph,24,Southampton,N
2,Giles,Mr Edgar,21,Southampton,N
2,Giles,Mr Frederick Edward,20,Southampton,N
3,Gilinski,Mr Eliezer,22,Southampton,N
2,Gill,Mr John,24,Southampton,N
2,Gillespie,Mr William Henry,31,Southampton,N
3,Gilnagh,Miss Katherine,17,Queenstown,S
2,Givard,Mr Hans Kristensen,30,Southampton,N
3,Glynn,Miss Mary Agatha,19,Queenstown,S
1,Goldenberg,Mr Samuel L.,47,Cherbourg,S
1,Goldenberg,Mrs Nella,40,Cherbourg,S
1,Goldschmidt,Mr George B.,71,Cherbourg,N
3,Goldsmith,Mr Frank John,33,Southampton,N
3,Goldsmith,Mrs Emily Alice,31,Southampton,S
3,Goldsmith,Master Frank John William,9,Southampton,S
3,Goldsmith,Mr Nathan,41,Southampton,N
3,Goodwin,Mr Frederick Joseph,42,Southampton,N
3,Goodwin,Mrs Augusta,43,Southampton,N
3,Goodwin,Miss Lillian Amy,16,Southampton,N
3,Goodwin,Mr Charles Edward,14,Southampton,N
3,Goodwin,Master William Frederick,11,Southampton,N
3,Goodwin,Miss Jessie Allis,10,Southampton,N
3,Goodwin,Master Harold Victor,9,Southampton,N
3,Goodwin,Master Sidney Leslie,1,Southampton,N
1,Gracie,Colonel Archibald,53,Southampton,S
1,Graham,Mr George Edward,38,Southampton,N
1,Graham,Mrs Edith,59,Southampton,S
1,Graham,Miss Margaret Edith,19,Southampton,S
3,Green,Mr George,40,Southampton,N
2,Greenberg,Mr Samuel,52,Southampton,N
1,Greenfield,Mrs Blanche,45,Cherbourg,S
1,Greenfield,Mr William Bertram,23,Cherbourg,S
3,Gr�nnestad,Mr Daniel Danielsen,32,Southampton,N
3,Guest,Mr Robert,23,Southampton,N
1,Guggenheim,Mr Benjamin,46,Cherbourg,N
3,Gustafsson,Mr Karl Gideon,19,Southampton,N
3,Gustafsson,Mr Alfred Ossian,19,Southampton,N
3,Gustafsson,Mr Anders Vilhelm,37,Southampton,N
3,Gustafsson,Mr Johan Birger,28,Southampton,N
3,Haas,Miss Aloisia,24,Southampton,N
3,Hagland,Mr Ingvald Olai Olsen,28,Southampton,N
3,Hagland,Mr Konrad Mathias Reiersen,19,Southampton,N
3,Hakkarainen,Mr Pekka Pietari,28,Southampton,N
3,Hakkarainen,Mrs Elin Matilda,24,Southampton,S
2,Hale,Mr Reginald,30,Southampton,N
2,H�m�l�inen,Mrs Anna,23,Southampton,S
3,Hampe,Mr L�on J�rome,19,Southampton,N
3,Hanna,Mr Boulos,18,Cherbourg,N
3,Hanna,Mr Mansour,35,Cherbourg,N
3,Hannah,Mr Borak,27,Cherbourg,S
3,Hansen,Mr Claus Peter,41,Southampton,N
3,Hansen,Mrs Jennie Louise,45,Southampton,S
3,Hansen,Mr Henry Damsgaard,21,Southampton,N
3,Hansen,Mr Henrik Juul,26,Southampton,N
2,Harbeck,Mr William H.,44,Southampton,N
1,Harder,Mr George Achilles,25,Cherbourg,S
1,Harder,Mrs Dorothy,21,Cherbourg,S
3,Hargadon,Miss Catherine,17,Queenstown,N
3,Harknett,Miss Alice Phoebe,21,Southampton,N
1,Harper,Mr Henry Sleeper,48,Cherbourg,S
1,Harper,Mrs Myra Raymond,49,Cherbourg,S
2,Harper,Reverend John,39,Southampton,N
2,Harper,Miss Annie Jessie,6,Southampton,S
1,Harrington,Mr Charles Henry (Manservant to Mr Clarence Bloomfield Moore),37,Southampton,N
1,Harris,Mr Henry Birkhardt,45,Southampton,N
1,Harris,Mrs Irene,35,Southampton,S
2,Harris,Mr George,62,Southampton,S
2,Harris,Mr Walter,44,Southampton,N
1,Harrison,Mr William Henry (Private secretary to Mr Joseph Bruce Ismay),45,Southampton,N
2,Hart,Mrs Esther Ada,48,Southampton,S
2,Hart,Mr Benjamin,47,Southampton,N
2,Hart,Miss Eva Miriam,7,Southampton,S
3,Hart,Mr Henry,28,Queenstown,N
2,Hartley,Mr Wallace Henry,33,Southampton,N
1,Hassab,Mr Hammad (Interpreter to Mr Henry Sleeper Harper),27,Cherbourg,S
1,Hawksford,Mr Walter James,45,Southampton,S
1,Hays,Mr Charles Melville,55,Southampton,N
1,Hays,Mrs Clara Jennings,52,Southampton,S
1,Hays,Miss Margaret Bechstein,24,Cherbourg,S
1,Head,Mr Christopher,42,Southampton,N
3,Healy,Miss Honor,29,Queenstown,S
3,Hedman,Mr Oskar Arvid,27,Southampton,S
3,Hee,Mr Ling,24,Southampton,S
3,Hegarty,Miss Hanora,18,Queenstown,N
3,Heikkinen,Miss Laina,26,Southampton,N
3,Heininen,Miss Wendla Maria,23,Southampton,N
3,Hellstr�m,Miss Hilda Maria,22,Southampton,S
3,Hendekovic,Mr Ignjac,28,Southampton,N
3,Henriksson,Miss Jenny Lovisa,28,Southampton,N
3,Henry,Miss Bridget Delia,21,Queenstown,N
2,Herman,Mr Samuel,49,Southampton,N
2,Herman,Mrs Jane,48,Southampton,S
2,Herman,Miss Alice,23,Southampton,S
2,Herman,Miss Kate,23,Southampton,S
2,Hewlett,Mrs Mary Dunbar,56,Southampton,S
2,Hickman,Mr Lewis,30,Southampton,N
2,Hickman,Mr Leonard Mark,24,Southampton,N
2,Hickman,Mr Stanley George,20,Southampton,N
1,Hilliard,Mr Herbert Henry,44,Southampton,N
2,Hiltunen,Miss Marta,18,Southampton,N
1,Hipkins,Mr William Edward,55,Southampton,N
1,Hippach,Mrs Ida Sophia,44,Cherbourg,S
1,Hippach,Miss Jean Gertrude,17,Cherbourg,S
3,Hirvonen,Mrs Helga Elisabeth Lindqvist,22,Southampton,S
3,Hirvonen,Miss Hildur Elisabeth,2,Southampton,S
2,Hocking,Mrs Eliza,54,Southampton,S
2,Hocking,Mr Samuel James Metcalfe,36,Southampton,N
2,Hocking,Mr Richard George,23,Southampton,N
2,Hocking,Miss Ellen,20,Southampton,S
2,Hodges,Mr Henry Price,50,Southampton,N
1,Hogeboom,Mrs Anna Louisa,51,Cherbourg,S
2,Hold,Mr Stephen,44,Southampton,N
2,Hold,Mrs Annie Margaret,29,Southampton,S
3,Holm,Mr John Fredrik Alexander,43,Southampton,N
3,Holthen,Mr Johan Martin,28,Southampton,N
1,Holverson,Mr Alexander Oskar,42,Southampton,N
1,Holverson,Mrs Mary Aline,35,Southampton,S
1,Homer,Mr Harry,40,Southampton,S
3,Honkanen,Miss Eliina,27,Southampton,N
2,Hood,Mr Ambrose Jr,21,Southampton,N
3,Horgan,Mr John,22,Queenstown,N
2,Hosono,Mr Masabumi,41,Southampton,S
2,Howard,Mr Benjamin,63,Southampton,N
2,Howard,Mrs Ellen Truelove,61,Southampton,N
3,Howard,Miss May Elizabeth,26,Southampton,S
1,Hoyt,Mr Frederick Maxfield,38,Southampton,S
1,Hoyt,Mrs Jane Anne,31,Southampton,S
1,Hoyt,Mr William Fisher,42,Cherbourg,S
3,Humblen,Mr Adolf Mathias Nicolai Olsen,42,Southampton,N
2,Hume,Mr John Law,21,Southampton,N
2,Hunt,Mr George Henry,33,Southampton,N
3,Hyman,Mr Abraham Joseph,34,Southampton,S
3,Ibr?h?m,Mrs S?fiyah,18,Cherbourg,S
3,Ibr?h?m,Mr Husayn Mahm?d Husayn,11,Cherbourg,N
3,Ibrahim Shawah,Mr Yousseff,33,Cherbourg,N
1,Icard,Miss Rose Am�lie (Maid to Mrs George Nelson Stone),39,Southampton,S
2,Ilett,Miss Bertha,17,Southampton,N
3,Ilieff,Mr Ylio,32,Southampton,N
3,Ilmakangas,Miss Ida Livija,27,Southampton,N
3,Ilmakangas,Miss Pieta Sofia,25,Southampton,N
1,Isham,Miss Ann Elizabeth,50,Cherbourg,N
1,Ismay,Mr Joseph Bruce,49,Southampton,S
3,Ivanoff,Mr Kanio,20,Southampton,N
3,Jabbur (Zabour),Miss Thamine,19,Cherbourg,N
3,Jabbur (Zabour),Miss Hileni,16,Cherbourg,N
2,Jacobsohn,Mr Sidney Samuel,42,Southampton,N
2,Jacobsohn,Mrs Amy Frances Christy,24,Southampton,S
3,Jal�evac,Mr Ivan,29,Cherbourg,S
3,Jansson,Mr Carl Olof,21,Southampton,S
3,Jardim,Mr Jos� Neto,21,Southampton,N
2,Jarvis,Mr Denzil John,47,Southampton,N
2,Jefferys,Mr Clifford Thomas,24,Southampton,N
2,Jefferys,Mr Ernest Wilfred,22,Southampton,N
2,Jenkin,Mr Stephen Curnow,32,Southampton,N
3,Jensen,Mr Hans Peder,20,Southampton,N
3,Jensen,Mr Svend Lauritz,17,Southampton,N
3,Jensen,Mr Niels Rasmus,48,Southampton,N
3,Jermyn,Miss Annie Jane,26,Queenstown,S
2,Jerwan,Mrs Marie Marthe,23,Cherbourg,S
3,Johannesen,Mr Bernt Johannes,29,Southampton,S
3,Johanson,Mr Jakob Alfred,34,Southampton,N
3,Johansson,Mr Nils,29,Southampton,N
3,Johansson,Mr Erik,22,Southampton,N
3,Johansson,Mr Gustaf Joel,33,Southampton,N
3,Johansson,Mr Karl Johan,31,Southampton,N
3,Johansson Palmquist,Mr Oskar Leander,26,Southampton,S
3,Johnson,Mr August,49,Southampton,N
3,Johnson,Mr William Cahoone Jr.,19,Southampton,N
3,Johnson,Mr Malkolm Joackim,33,Southampton,N
3,Johnson,Mrs Elisabeth Vilhelmina,26,Southampton,S
3,Johnson,Master Harold Theodor,4,Southampton,S
3,Johnson,Miss Eleanor Ileen,1,Southampton,S
3,Johnston,Mr Andrew Emslie,35,Southampton,N
3,Johnston,Mrs Eliza,36,Southampton,N
3,Johnston,Master William Andrew,8,Southampton,N
3,Johnston,Miss Catherine Nellie,7,Southampton,N
1,Jones,Mr Charles Cresson,46,Southampton,N
3,Jonkoff,Mr Lalio,23,Southampton,N
3,Jonsson,Mr Carl,25,Southampton,S
3,J�nsson,Mr Nils Hilding,27,Southampton,N
3,Joseph (Shahin),Mr Elias,39,Cherbourg,N
1,Julian,Mr Henry Forbes,50,Southampton,N
3,Jussila,Miss Katriina,20,Southampton,N
3,Jussila,Miss Mari Aina,21,Southampton,N
3,Jussila,Mr Eiriik,32,Southampton,S
3,Kallio,Mr Nikolai Erland,17,Southampton,N
3,Kalvik,Mr Johannes Halvorsen,21,Southampton,N
2,Kantor,Mr Sinai,34,Southampton,N
2,Kantor,Mrs Miriam,24,Southampton,S
3,Karajic,Mr Milan,30,Southampton,N
3,Karlsson,Mr Einar Gervasius,21,Southampton,S
3,Karlsson,Mr Julius Konrad Eugen,33,Southampton,N
3,Karlsson,Mr Nils August,22,Southampton,N
2,Karnes,Mrs Claire,28,Southampton,N
3,Karun,Mr Franz,39,Cherbourg,S
3,Karun,Miss Manca,4,Cherbourg,S
3,Katavelos,Mr Vasilios G.,19,Cherbourg,N
2,Keane,Miss Nora Agnes,46,Queenstown,S
2,Keane,Mr Daniel,35,Queenstown,N
3,Keane,Mr Andrew,23,Queenstown,N
3,Keefe,Mr Arthur,39,Southampton,N
1,Keeping,Mr Edwin Herbert (Manservant to Mr & Mrs Widener),33,Southampton,N
2,Kelly,Mrs Fanny Maria,45,Southampton,S
3,Kelly,Mr James,19,Southampton,N
3,Kelly,Mr James,44,Queenstown,N
3,Kelly,Miss Anna Katherine,20,Queenstown,S
3,Kelly,Miss Mary,22,Queenstown,S
3,Kennedy,Mr John,24,Queenstown,N
1,Kent,Mr Edward Austin,58,Cherbourg,N
1,Kenyon,Mr Frederick Roland,41,Southampton,N
1,Kenyon,Mrs Marion Estelle,40,Southampton,S
3,Khalil,Mr Betros,25,Cherbourg,N
3,Khalil,Mrs Zahie,20,Cherbourg,N
3,Kiernan,Mr John Joseph,25,Queenstown,N
3,Kiernan,Mr Philip,22,Queenstown,N
3,Kilgannon,Mr Thomas,22,Queenstown,N
1,Kimball,Mr Edwin Nelson Jr.,42,Southampton,S
1,Kimball,Mrs Susan Gertrude,45,Southampton,S
3,Kink,Mr Anton,29,Southampton,S
3,Kink,Miss Maria,22,Southampton,N
3,Kink,Mr Vincenz,26,Southampton,N
3,Kink-Heilmann,Mrs Luise,26,Southampton,S
3,Kink-Heilmann,Miss Luise Gretchen,4,Southampton,S
2,Kirkland,Father Charles Leonard,52,Queenstown,N
1,Klaber,Mr Herman,41,Southampton,N
3,Klas�n,Mr Klas Albin,18,Southampton,N
3,Klas�n,Miss Gertrud Emilia,1,Southampton,N
3,Klas�n,Mrs Hulda Kristina Eugenia,36,Southampton,N
2,Knight,Mr Robert,39,Belfast,N
3,Krekorian,Mr Neshan,25,Cherbourg,S
1,Kreuchen,Miss Emilie (Maid to Mrs Edward Scott Robert),29,Southampton,S
2,Krins,Mr Georges Alexandre,23,Southampton,N
3,Kutscher (Lithman),Mr Simon,26,Southampton,N
2,Kvillner,Mr Johan Henrik Johannesson,31,Southampton,N
3,Lahh?d Ishaq Mu�Awwad,MrSark ?s,30,Cherbourg,N
2,Lahtinen,Father William,35,Southampton,N
2,Lahtinen,Mrs Anna Amelia,34,Southampton,N
3,Laitinen,Miss Kristina Sofia,37,Southampton,N
3,Lam,Mr Ali,38,Southampton,S
3,Lam,Mr Len,23,Southampton,N
2,Lamb,Mr John J.,30,Queenstown,N
3,Landergren,Miss Aurora Adelia,22,Southampton,S
3,Lane,Mr Patrick,16,Queenstown,N
3,Lang,Mr Fang,32,Southampton,S
2,Laroche,Mr Joseph Philippe Lemercier,25,Cherbourg,N
2,Laroche,Mrs Juliette Marie Louise,22,Cherbourg,S
2,Laroche,Miss Simonne Marie Anne Andr�e,3,Cherbourg,S
2,Laroche,Miss Louise,1,Cherbourg,S
3,Larsson,Mr August Viktor,29,Southampton,N
3,Larsson,Mr Bengt Edvin,29,Southampton,N
3,Larsson,Mr Edvard,22,Southampton,N
1,Leader,Dr Alice May,49,Southampton,S
3,Lefebvre,Mrs Frances Marie,40,Southampton,N
3,Lefebvre,Master Henry,5,Southampton,N
3,Lefebvre,Miss Ida,3,Southampton,N
3,Lefebvre,Miss Jeannie,8,Southampton,N
3,Lefebvre,Miss Mathilde,12,Southampton,N
2,Lehmann,Miss Bertha,17,Cherbourg,S
3,Leinonen,Mr Antti Gustaf,32,Southampton,N
2,Leitch,Miss Jessie Wills,31,Southampton,S
2,Lemore,Mrs Amelia,46,Southampton,S
3,Lennon,Mr Denis,20,Queenstown,N
1,Leroy,Miss Berthe (Maid to Mrs Walter Donald Douglas),27,Cherbourg,S
3,Lester,Mr James,26,Southampton,N
1,Lesueur,Mr Gustave J. (Manservant to Mr Thomas Cardeza),35,Cherbourg,S
2,L�vy,Mr Ren� Jacques,36,Southampton,N
1,Lewy,Mr Ervin G.,30,Cherbourg,N
2,Leyson,Mr Robert William Norman,25,Southampton,N
3,Lievens,Mr Ren� Aim�,24,Southampton,N
3,Lindahl,Miss Agda Thorilda Viktoria,25,Southampton,N
3,Lindblom,Miss Augusta Charlotta,45,Southampton,N
1,Lindeberg-Lind,Mr Erik Gustaf,42,Southampton,N
3,Lindell,Mr Edvard Bengtsson,36,Southampton,S
3,Lindell,Mrs Elin Gerda,30,Southampton,S
3,Lindqvist,Mr Eino William,20,Southampton,S
1,Lindstr�m,Mrs Sigrid,55,Cherbourg,S
3,Linehan,Mr Michael,21,Queenstown,N
1,Lines,Mrs Elizabeth Lindsey,50,Cherbourg,S
1,Lines,Miss Mary Conover,16,Cherbourg,S
3,Ling,Mr Lee,28,Southampton,N
2,Lingane,Mr John,61,Queenstown,N
3,Linhart,Mr Wenzel,27,Southampton,N
3,Livshin,Mr David,25,Southampton,S
3,Lobb,Mr William Arthur,30,Southampton,N
3,Lobb,Mrs Cordelia K.,26,Southampton,N
3,Lockyer,Mr Edward Thomas,19,Southampton,N
1,Long,Mr Milton Clyde,29,Southampton,N
1,Longley,Miss Gretchen Fiske,21,Cherbourg,S
1,Loring,Mr Joseph Holland,30,Southampton,N
2,Louch,Mr Charles,50,Southampton,N
2,Louch,Mrs Alice Adelaide,42,Southampton,N
3,Lovell,Mr John Hall,20,Southampton,N
3,Lulic,Mr Nikola,29,Southampton,S
3,Lundahl,Mr Johan Svensson,51,Southampton,N
3,Lundin,Miss Olga Elida,23,Southampton,S
3,Lundstr�m,Mr Thure Edvin,32,Southampton,S
1,Lurette,Miss Eug�nie Elise (Maid to Mr & Mrs Spencer),59,Cherbourg,S
3,Lymperopoulus,Mr Panagiotis K.,30,Cherbourg,N
3,Lyntakoff,Mr Stanko,44,Southampton,N
2,Mack,Mrs Mary,57,Southampton,N
3,Mackay,Mr George William,20,Southampton,N
3,Madigan,Miss Margaret,21,Queenstown,S
1,Madill,Miss Georgette Alexandra,16,Southampton,S
3,Madsen,Mr Fridtjof Arne,24,Southampton,S
3,M�enp��,Mr Matti Alexanteri,22,Southampton,N
1,Maguire,Mr John Edward,30,Southampton,N
3,Mahon,Miss Bridget Delia,20,Queenstown,N
1,Maioni,Miss Roberta Elizabeth Mary (Maid to the Countess of Rothes),19,Southampton,S
3,Maisner,Mr Simon,34,Southampton,N
3,M�kinen,Mr Kalle Edvard,29,Southampton,N
2,Malachard,Mr Jean-No�l,25,Cherbourg,N
2,Mallet,Mr Albert Denis Pierre,45,Cherbourg,N
2,Mallet,Mrs Antonine Marie,24,Cherbourg,S
2,Mallet,Master Andr� Clement,1,Cherbourg,S
3,M?m?,Mr Hann? Mik?� ?l,18,Cherbourg,S
3,Mangan,Miss Mary,32,Queenstown,N
2,Mangiavacchi,Mr Serafino Emilio,30,Cherbourg,N
3,Mannion,Miss Margaret,28,Queenstown,S
3,Mardirosian,Mr Sarkis,25,Cherbourg,N
1,Mar�chal,Mr Pierre,29,Cherbourg,S
3,Marinko,Mr Dmitri,23,Southampton,N
3,Markoff,Mr Marin,35,Southampton,N
3,Markun,Mr Johann,33,Cherbourg,N
1,Marvin,Mr Daniel Warner,18,Southampton,N
1,Marvin,Mrs Mary Graham Carmichael,18,Southampton,S
3,Matinoff,Mr Nicola,30,Cherbourg,N
2,Matthews,Mr William John,23,Southampton,N
2,Maybery,Mr Frank Hubert,36,Southampton,N
1,Mayn�,Mlle Berthe Antonine,24,Cherbourg,S
1,McCaffry,Mr Thomas Francis,46,Southampton,N
1,McCarthy,Mr Timothy J.,54,Southampton,N
3,McCarthy,Miss Catherine,24,Queenstown,S
3,McCormack,Mr Thomas Joseph,19,Queenstown,N
3,McCoy,Miss Agnes,29,Queenstown,S
3,McCoy,Miss Alice,26,Queenstown,S
3,McCoy,Mr Bernard,24,Queenstown,S
2,McCrae,Mr Arthur Gordon,32,Southampton,N
2,McCrie,Mr James Matthew,32,Southampton,N
3,McDermott,Miss Bridget Delia,31,Queenstown,S
3,McEvoy,Mr Michael,19,Queenstown,N
1,McGough,Mr James Robert,35,Southampton,S
3,McGovern,Ms Mary,22,Queenstown,S
3,McGowan,Miss Catherine,42,Queenstown,N
3,McGowan,Miss Anna Louise,17,Queenstown,N
2,McKane,Mr Peter Daniel,46,Southampton,N
3,McMahon,Mr Martin,19,Queenstown,N
3,McNamee,Mr Neal,27,Southampton,N
3,McNamee,Mrs Eileen,19,Southampton,N
3,McNeill,Miss Bridget,32,Queenstown,N
3,Meanwell,Mrs Marian,62,Southampton,N
3,Meehan,Mr John,22,Queenstown,N
3,Meek,Mrs Annie Louisa,31,Southampton,N
2,Mellinger,Mrs Elizabeth Anne,41,Southampton,S
2,Mellinger,Miss Violet Madeline,13,Southampton,S
2,Mellors,Mr William John,19,Southampton,S
3,Meo (Martino),Mr Alfonzo,48,Southampton,N
3,Mernagh,Mr Robert,28,Queenstown,N
1,Meyer,Mr Edgar Joseph,28,Cherbourg,N
1,Meyer,Mrs Leila,25,Cherbourg,S
2,Meyer,Mr August,31,Southampton,N
3,Midtsj�,Mr Karl Albert,21,Southampton,S
3,Mihoff,Mr Stoytcho,28,Southampton,N
3,Miles,Mr Frank,23,Southampton,N
1,Millet,Mr Francis Davis,65,Cherbourg,N
2,Milling,Mr Jacob Christian,48,Southampton,N
1,Minahan,Dr William Edward,44,Queenstown,N
1,Minahan,Mrs Lillian E.,37,Queenstown,S
1,Minahan,Miss Daisy E.,33,Queenstown,S
3,Mineff,Mr Ivan,24,Southampton,N
3,Minkoff,Mr Lazar,21,Southampton,N
2,Mitchell,Mr Henry Michael,71,Southampton,N
3,Mitkoff,Mr Mito,23,Southampton,N
1,Mock,Mr Philipp Edmund,30,Cherbourg,S
3,Mockler,Miss Ellen Mary,23,Queenstown,S
3,Moen,Mr Sigurd Hansen,27,Southampton,N
1,Molson,Mr Harry Markland,55,Southampton,N
2,Montvila,Father Juozas,27,Southampton,N
3,Moor,Mrs Beila,29,Southampton,S
3,Moor,Master Meier,7,Southampton,S
1,Moore,Mr Clarence Bloomfield,47,Southampton,N
3,Moore,Mr Leonard Charles,19,Southampton,N
3,Moran,Miss Bridget,28,Queenstown,S
3,Moran,Mr Daniel J.,27,Queenstown,N
2,Moraweck,Dr Ernest,54,Southampton,N
2,Morley,Mr Henry Samuel,38,Southampton,N
3,Morley,Mr William,34,Southampton,N
3,Morrow,Mr Thomas Rowan,30,Queenstown,N
3,Moss,Mr Albert Johan,29,Southampton,S
3,Moussa,Mrs Mantoura Boulos,35,Cherbourg,N
3,Moutal,Mr Rahamin Haim,28,Southampton,N
3,Mub?rik,Mrs Am ?nah,24,Cherbourg,S
3,Mub?rik,Master Jirjis,7,Cherbourg,S
3,Mub?rik,Master Hal ?m,4,Cherbourg,S
2,Mudd,Mr Thomas Cupper,16,Southampton,N
3,Mullin,Miss Catherine,21,Queenstown,S
3,Mullin,Miss Mary (Lennon),18,Queenstown,N
3,Mulvihill,Miss Bridget Elizabeth,25,Queenstown,S
3,Murdlin,Mr Joseph,22,Southampton,N
3,Murphy,Miss Nora,34,Queenstown,S
3,Murphy,Miss Margaret Jane,25,Queenstown,S
3,Murphy,Miss Catherine,18,Queenstown,S
3,Muslam?n ?,Mrs Fat ?mah Muhammad,22,Cherbourg,S
3,Myhrman,Mr Pehr Fabian Oliver Malkolm,18,Southampton,N
2,Myles,Mr Thomas Francis,63,Queenstown,N
3,N ?q?la Y?rid,Miss Jamilah,14,Cherbourg,S
3,N ?q?la Y?rid,Master Ily?s,11,Cherbourg,S
3,Naidenoff,Mr Penko,22,Southampton,N
3,Najib Kiamie,Miss Adele,15,Cherbourg,S
3,Nakhli,Mr Toufik,17,Cherbourg,N
3,Nakid,Mr Sahid,20,Cherbourg,S
3,Nakid,Mrs Waika,19,Cherbourg,S
3,Nakid,Miss Maria,1,Cherbourg,S
3,Nancarrow,Mr William Henry,36,Southampton,N
3,Nankoff,Mr Minko,32,Southampton,N
3,Nasr �Alm?,Mr Mustaf�,20,Cherbourg,N
2,Nasser,Mr Nicholas,28,Cherbourg,N
2,Nasser,Mrs Adele,14,Cherbourg,N
3,Nassr Rizq,Mr Saade,20,Cherbourg,N
1,Natsch,Mr Charles,36,Cherbourg,N
3,Naughton,Miss Hannah,21,Queenstown,N
2,Navratil,Mr Michel,32,Southampton,N
2,Navratil,Master Michel Marcel,3,Southampton,S
2,Navratil,Master Edmond Roger,2,Southampton,S
3,Nenkov,Mr Hristo,22,Southampton,N
2,Nesson,Mr Israel,26,Southampton,N
1,Newell,Mr Arthur Webster,58,Cherbourg,N
1,Newell,Miss Marjorie Anne,23,Cherbourg,S
1,Newell,Miss Madeleine,31,Cherbourg,S
1,Newsom,Miss Helen Monypeny,19,Southampton,S
2,Nicholls,Mr Joseph Charles,19,Southampton,N
1,Nicholson,Mr Arthur Ernest,59,Southampton,N
3,Nieminen,Miss Manta Josefina,29,Southampton,N
3,Niklasson,Mr Samuel,28,Southampton,N
3,Nilsson,Mr August Ferdinand,21,Southampton,N
3,Nilsson,Miss Berta Olivia,18,Southampton,S
3,Nilsson,Miss Helmina Josefina,26,Southampton,S
3,Nirva,Mr Iisakki Antino �ij�,41,Southampton,N
3,Nisk�nen,Mr Juha,39,Southampton,S
3,Nofal,Mr Mansouer,20,Cherbourg,N
2,Norman,Mr Robert Douglas,27,Southampton,N
3,Nosworthy,Mr Richard Cater,21,Southampton,N
1,Nourney,Mr Alfred,20,Cherbourg,S
2,Nye,Mrs Elizabeth,29,Southampton,S
3,Nysten,Miss Anna Sofia,22,Southampton,S
3,Nysveen,Mr Johan Hansen,60,Southampton,N
3,O�Brien,Mr Denis,21,Queenstown,N
3,O�Brien,Mr Thomas,27,Queenstown,N
3,O�Brien,Mrs Johanna,26,Queenstown,N
3,O�Connell,Mr Patrick Denis,17,Queenstown,N
3,O�Connor,Mr Maurice,16,Queenstown,N
3,O�Connor,Mr Patrick,23,Queenstown,N
3,O�Dwyer,Miss Ellen,25,Queenstown,S
3,O�Keefe,Mr Patrick,21,Queenstown,S
3,O�Leary,Miss Hanora,16,Queenstown,S
3,O�Sullivan,Miss Bridget Mary,21,Queenstown,N
3,�dahl,Mr Nils Martin,23,Southampton,N
3,�hman,Miss Velin,22,Southampton,S
1,Oliva Y Ocana,Do�a Fermina (Maid to Mrs Victor de Satode Pe�asco y Castellana),39,Cherbourg,S
3,Olsen,Mr Karl Siegwart Andreas,42,Southampton,N
3,Olsen,Master Artur Karl,9,Southampton,S
3,Olsen,Mr Henry Margido,28,Southampton,N
3,Olsen,Mr Ole Martin,27,Southampton,N
3,Olsson,Mr Oscar Wilhelm,32,Southampton,S
3,Olsson,Mr Nils Johan G�ransson,28,Southampton,N
3,Olsson,Miss Elina,31,Southampton,N
3,Olsvigen,Mr Thor Anderson,20,Southampton,N
1,Omont,Mr Alfred Fernand,29,Cherbourg,S
3,Oreskovic,Mr Luka,20,Southampton,N
3,Oreskovic,Miss Jelka,23,Southampton,N
3,Oreskovic,Miss Marija,20,Southampton,N
3,Os�n,Mr Olaf Elon,16,Southampton,N
1,Ostby,Mr Engelhart Cornelius,64,Southampton,N
1,�stby,Miss Helen Ragnhild,22,Southampton,S
2,Otter,Mr Richard,38,Southampton,N
1,Ovi�s Y Rodr�guez,Mr Servando Jos� Florentino,36,Cherbourg,N
2,Oxenham,Mr Percy Thomas,22,Southampton,S
2,Padron Manent,Mr Julian,26,Cherbourg,S
2,Pain,Dr Alfred,23,Southampton,N
2,Pall�s I Castell�,Se�or Emili,29,Cherbourg,S
3,P�lsson,Mrs Alma Cornelia,29,Southampton,N
3,P�lsson,Master G�sta Leonard,2,Southampton,N
3,P�lsson,Master Paul Folke,6,Southampton,N
3,P�lsson,Miss Stina Viola,3,Southampton,N
3,P�lsson,Miss Torborg Danira,8,Southampton,N
3,Panula,Mrs Maija Emelia Abrahamintytar,41,Southampton,N
3,Panula,Master Jaako Arnold,14,Southampton,N
3,Panula,Mr Ernesti Arvid,16,Southampton,N
3,Panula,Master Juha Niilo,7,Southampton,N
3,Panula,Master Urho Abraham,2,Southampton,N
3,Panula,Master Eino Viljam,1,Southampton,N
2,Parker,Mr Clifford Richard,17,Southampton,N
2,Parkes,Mr Francis,21,Belfast,N
1,Parr,Mr William Henry Marsh,29,Belfast,N
2,Parrish,Mrs Lutie Davis,59,Southampton,S
1,Partner,Mr Austin,40,Southampton,N
3,Pasic,Mr Jakob,21,Southampton,N
3,Patchett,Mr George,19,Southampton,N
3,Pavlovic,Mr Stefo,32,Southampton,N
1,Payne,Mr Vivian Ponsonby (Private secretary to Mr Charles Melville Hays),22,Southampton,N
3,Peacock,Mrs Edith,26,Southampton,N
3,Peacock,Miss Treasteall,3,Southampton,N
3,Pearce,Mr Ernest,32,Southampton,N
1,Pears,Mr Thomas Clinton,29,Southampton,N
1,Pears,Mrs Edith,22,Southampton,S
3,Pedersen,Mr Olaf,28,Southampton,N
3,Peduzzi,Mr Giuseppe,24,Southampton,N
3,Pekoniemi,Mr Edvard,21,Southampton,N
3,Peltom�ki,Mr Nikolai Johannes,25,Southampton,N
2,Pengelly,Mr Frederick William,19,Southampton,N
1,Pe�asco Y Castellana,Mr Victor,24,Cherbourg,N
1,Pe�asco Y Castellana,Mrs Maria Josefa Perezde Soto y Vallejo,22,Cherbourg,S
3,Perkin,Mr John Henry,22,Southampton,N
2,Pernot,Mr Ren�,39,Cherbourg,N
1,Perreault,Miss Mary Anne (Maid to Mrs Charles Melville Hays),33,Southampton,S
3,Persson,Mr Ernst Ulrik,25,Southampton,S
2,Peruschitz,Father Josef,41,Southampton,N
3,Peter/Joseph,Master Michael J.,4,Cherbourg,S
3,Peter/Joseph,Miss Anna,2,Cherbourg,S
3,Peteranec,Miss Mathilda,28,Southampton,N
3,Peters,Miss Catherine,26,Queenstown,N
3,Petersen,Mr Marius,24,Southampton,N
3,Petroff,Mr Nedialco,19,Southampton,N
3,Petroff,Mr Pastcho,29,Southampton,N
3,Pettersson,Mr Johan Emil,25,Southampton,N
3,Pettersson,Miss Elin Natalia,18,Southampton,N
1,Peuchen,Major Arthur Godfrey,52,Southampton,S
2,Phillips,Mr Escott Robert,42,Southampton,N
2,Phillips,Miss Alice Frances Louisa,21,Southampton,S
2,Phillips,Miss Kate Florence,19,Southampton,S
3,Picard,Mr Beno�t,32,Southampton,S
2,Pinsky,Mrs Rosa,32,Southampton,S
3,Plotcharsky,Mr Vasil,27,Southampton,N
3,Pokrnic,Mr Mate,17,Southampton,N
3,Pokrnic,Mr Tome,24,Southampton,N
2,Ponesell,Mr Martin,24,Southampton,N
2,Portaluppi,Mr Emilio Ilario Giuseppe,30,Cherbourg,S
1,Porter,Mr Walter Chamberlain,46,Southampton,N
1,Potter,Mrs Lily Alexenia,56,Cherbourg,S
2,Pulbaum,Mr Franz,27,Cherbourg,N
3,Pulner,Mr Uscher,16,Cherbourg,N
2,Quick,Mrs Jane,33,Southampton,S
2,Quick,Miss Winifred Vera,8,Southampton,S
2,Quick,Miss Phyllis May,2,Southampton,S
3,Radeff,Mr Alexander,27,Southampton,N
3,Raf?l-B?lus,Mr B?kh?s,20,Cherbourg,N
3,Rasmussen,Mrs Lena Jakobsen,63,Southampton,N
3,Razi,Mr Raihed,30,Cherbourg,N
3,Reed,Mr James George,19,Southampton,N
2,Reeves,Mr David,36,Southampton,N
3,Rekic,Mr Tido,38,Southampton,N
2,Renouf,Mr Peter Henry,33,Southampton,N
2,Renouf,Mrs Lillian,30,Southampton,N
1,Reuchlin,Mr Jonkheer Johan George,38,Cherbourg,N
2,Reynalds,Se�ora Encarnaci�n,28,Southampton,S
3,Reynolds,Mr Harold,21,Southampton,N
1,Rheims,Mr George Alexander Lucien,33,Cherbourg,S
3,Rice,Mrs Margaret,39,Queenstown,N
3,Rice,Master Albert,10,Queenstown,N
3,Rice,Master George Hugh,8,Queenstown,N
3,Rice,Master Eric,7,Queenstown,N
3,Rice,Master Arthur,4,Queenstown,N
3,Rice,Master Eugene Francis,2,Queenstown,N
2,Richard,Mr Emile Phillippe,23,Cherbourg,N
2,Richards,Mrs Emily,24,Southampton,S
2,Richards,Master William Rowe,3,Southampton,S
2,Ridsdale,Miss Lucy,58,Southampton,S
1,Righini,Mr Sante (Manservant to Mrs John Stewart White),22,Cherbourg,N
3,Riihivuori,Miss Susanna Juhantyt�r,22,Southampton,N
3,Rintam�ki,Mr Matti,35,Southampton,N
3,Riordan,Miss Hannah,18,Queenstown,S
3,Risien,Mr Samuel Beard,69,Southampton,N
3,Risien,Mrs Emma Jane,58,Southampton,N
1,Robert,Mrs Elisabeth Walton,43,Southampton,S
1,Robins,Mr Victor (Valet to Mr John Jacob Astor),42,Cherbourg,N
3,Robins,Mr Alexander A.,50,Southampton,N
3,Robins,Mrs Charity,47,Southampton,N
1,Roebling,Mr Washington Augustus II,31,Southampton,N
2,Rogers,Mr Reginald Harry,18,Southampton,N
3,Rogers,Mr William John,29,Southampton,N
1,Romaine,Mr Charles Hallace,45,Southampton,S
3,Rommetvedt,Mr Knud Paust,49,Southampton,N
1,Rood,Mr Hugh Roscoe,39,Southampton,N
3,Rosblom,Mrs Helena Wilhelmina,41,Southampton,N
3,Rosblom,Miss Salli Helena,2,Southampton,N
3,Rosblom,Mr Viktor Richard,18,Southampton,N
1,Rosenbaum,Miss Edith Louise,33,Cherbourg,S
1,Rosenshine,Mr George,46,Cherbourg,N
1,Ross,Mr John Hugo,36,Southampton,N
3,Roth,Miss Sarah,31,Southampton,S
1,Rothes,Lucy No�l Martha,33,Southampton,S
1,Rothschild,Mr Martin,46,Cherbourg,N
1,Rothschild,Mrs Elizabeth Jane Anne,54,Cherbourg,S
3,Rouse,Mr Richard Henry,53,Southampton,N
1,Rowe,Mr Alfred G.,59,Southampton,N
2,Rugg,Miss Emily,21,Southampton,S
3,Rush,Mr Alfred George John,17,Southampton,N
3,Ryan,Mr Patrick,30,Queenstown,N
3,Ryan,Mr Edward,24,Queenstown,S
1,Ryerson,Mr Arthur Larned,61,Cherbourg,N
1,Ryerson,Mrs Emily Maria,48,Cherbourg,S
1,Ryerson,Miss Emily Borie,18,Cherbourg,S
1,Ryerson,Miss Susan Parker �Suzette�,21,Cherbourg,S
1,Ryerson,Master John Borie,13,Cherbourg,S
3,Saad,Mr Amin,30,Cherbourg,N
3,Saad,Mr Khalil,27,Cherbourg,N
1,Saalfeld,Mr Adolphe,47,Southampton,S
3,Sadlier,Mr Matthew,18,Queenstown,N
3,Sadowitz,Mr Henry,17,Southampton,N
3,S�ther,Mr Simon Sivertsen,43,Southampton,N
3,Sage,Mr John George,44,Southampton,N
3,Sage,Mrs Annie Elizabeth,44,Southampton,N
3,Sage,Miss Stella Anne,20,Southampton,N
3,Sage,Mr George John,19,Southampton,N
3,Sage,Mr Douglas Bullen,18,Southampton,N
3,Sage,Mr Frederick,16,Southampton,N
3,Sage,Miss Dorothy,14,Southampton,N
3,Sage,Master Anthony William,12,Southampton,N
3,Sage,Miss Elizabeth Ada,10,Southampton,N
3,Sage,Miss Constance Gladys,7,Southampton,N
3,Sage,Master Thomas Henry,4,Southampton,N
1,S�gesser,Mlle Emma (Maid to Mme. L�ontine Pauline Aubart),24,Cherbourg,S
3,Salander,Mr Karl Johan,24,Southampton,N
3,Salkjelsvik,Miss Anna Kristine,21,Southampton,S
1,Salomon,Mr Abraham Lincoln,43,Cherbourg,S
3,Salonen,Mr Johan Werner,29,Southampton,N
3,Samaan,Mr Hanna Elias,40,Cherbourg,N
3,Samaan,Mr Elias,17,Cherbourg,N
3,Samaan,Mr Youssef,16,Cherbourg,N
3,Sandstr�m,Mrs Agnes Charlotta,24,Southampton,S
3,Sandstr�m,Miss Beatrice Irene,1,Southampton,S
3,Sandstr�m,Miss Marguerite Rut,4,Southampton,S
3,Sap,Mr Julius,21,Southampton,S
3,Saundercock,Mr William Henry,19,Southampton,N
3,Sawyer,Mr Frederick Charles,33,Southampton,N
3,Scanlan,Mr James,22,Queenstown,N
1,Schabert,Mrs Emma,35,Cherbourg,S
3,Scheerlinck,Mr Jean,29,Southampton,S
2,Schmidt,Mr Augustus,21,Southampton,N
3,Sdycoff,Mr Todor,42,Southampton,N
2,Sedgwick,Mr Charles Frederick Waddington,28,Southampton,N
3,Seman,Master Betros,10,Cherbourg,N
1,Serreplan,Miss Auguste (Maid to Mrs William Carter),30,Southampton,S
1,Seward,Mr Frederic Kimber,34,Southampton,S
3,Shannon,Mr Andrew John,36,Southampton,N
2,Sharp,Mr Percival,27,Southampton,N
3,Shaughnessy,Mr Patrick,24,Queenstown,N
3,Shedid,Mr Daher,19,Cherbourg,N
3,Shellard,Mr Frederick William Blainey,55,Southampton,N
2,Shelley,Mrs Imanita Parrish,25,Southampton,S
3,Shih?b,Mr Al-Am ?r F?ris,29,Cherbourg,N
3,Shine,Miss Ellen,20,Queenstown,N
3,Shorney,Mr Charles Joseph,22,Southampton,N
1,Shutes,Miss Elizabeth Weed (Governess to Miss Margaret Edith Graham),40,Southampton,S
2,Silv�n,Miss Lyyli Karoliina,17,Southampton,S
1,Silverthorne,Mr Spencer Victor,35,Southampton,S
1,Silvey,Mr William Baird,51,Cherbourg,N
1,Silvey,Mrs Alice Gray,39,Cherbourg,S
3,Simmons,Mr John,40,Southampton,N
1,Simonius-Blumer,Mr Colonel (Oberst) Alfons,56,Southampton,S
2,Sincock,Miss Maude,20,Southampton,S
2,Sinkkonen,Miss Anna,29,Southampton,S
3,Sirayanian,Mr Orsen,22,Cherbourg,N
3,Sirota,Mr Morris,20,Southampton,N
3,Sivic,Mr Husein,40,Southampton,N
3,Sivola,Mr Antti Wilhelm,21,Southampton,N
3,Sj�blom,Miss Anna Sofia,18,Southampton,S
2,Sj�stedt,Mr Ernst Adolf,59,Southampton,N
3,Skoog,Mr Wilhelm Johansson,40,Southampton,N
3,Skoog,Mrs Anna Bernhardina,43,Southampton,N
3,Skoog,Master Karl Thorsten,11,Southampton,N
3,Skoog,Master Harald,5,Southampton,N
3,Skoog,Miss Mabel,9,Southampton,N
3,Skoog,Miss Margit Elizabeth,2,Southampton,N
3,Slabenoff,Mr Petco,42,Southampton,N
2,Slayter,Miss Hilda Mary,30,Queenstown,S
2,Slemen,Mr Richard James,35,Southampton,N
3,Slocovski,Mr Selman Francis,20,Southampton,N
1,Sloper,Mr William Thompson,28,Southampton,S
1,Smart,Mr John Montgomery,56,Southampton,N
3,Smiljanic,Mr Mile,37,Southampton,N
1,Smith,Mr James Clinch,56,Cherbourg,N
1,Smith,Mr Richard William,57,Southampton,N
1,Smith,Mr Lucian Philip,24,Cherbourg,N
1,Smith,Mrs Mary Eloise,18,Cherbourg,S
2,Smith,Miss Marion Elsie,39,Southampton,S
3,Smyth,Mr Thomas,26,Queenstown,N
3,Smyth,Miss Julia,17,Queenstown,S
1,Snyder,Mr John Pillsbury,24,Southampton,S
1,Snyder,Mrs Nelle,23,Southampton,S
2,Sobey,Mr Samuel James Hayden,25,Southampton,N
3,S�holt,Mr Peter Andreas Lauritz Andersen,19,Southampton,N
3,Somerton,Mr Francis William,30,Southampton,N
3,Spector,Mr Woolf,23,Southampton,N
1,Spedden,Mr Frederic Oakley,45,Cherbourg,S
1,Spedden,Mrs Margaretta Corning �Daisy�,39,Cherbourg,S
1,Spedden,Master Robert Douglas,6,Cherbourg,S
1,Spencer,Mr William Augustus,57,Cherbourg,N
1,Spencer,Mrs Marie Eugenie,45,Cherbourg,S
3,Spinner,Mr Henry John,32,Southampton,N
1,St�helin-Maeglin,Dr Max,32,Southampton,S
3,Staneff,Mr Ivan,23,Southampton,N
3,Stankovic,Mr Ivan,33,Cherbourg,N
3,Stanley,Miss Amy Zillah Elsie,24,Southampton,S
3,Stanley,Mr Edward Roland,21,Southampton,N
2,Stanton,Mr Samuel Ward,42,Cherbourg,N
1,Stead,Mr William Thomas,62,Southampton,N
1,Stengel,Mr Charles Emil Henry,54,Cherbourg,S
1,Stengel,Mrs Annie May,44,Cherbourg,S
1,Stephenson,Mrs Martha,52,Cherbourg,S
1,Stewart,Mr Albert Ankeny,64,Cherbourg,N
2,Stokes,Mr Philip Joseph,25,Southampton,N
1,Stone,Mrs Martha Evelyn,62,Southampton,S
3,Storey,Mr Thomas,51,Southampton,N
3,Stoytcheff,Mr Ilia,19,Southampton,N
3,Strandberg,Miss Ida Sofia,22,Southampton,N
3,Strand�n,Mr Juho Niilosson,31,Southampton,S
1,Straus,Mr Isidor,67,Southampton,N
1,Straus,Mrs Rosalie Ida,63,Southampton,N
3,Strilic,Mr Ivan,27,Southampton,N
3,Str�m,Mrs Elna Matilda,29,Southampton,N
3,Str�m,Miss Telma Matilda,2,Southampton,N
3,Sunderland,Mr Victor Francis,20,Southampton,S
3,Sundman,Mr Johan Julian,44,Southampton,S
3,Sutehall,Mr Henry Jr,25,Southampton,N
1,Sutton,Mr Frederick,61,Southampton,N
3,Svensson,Mr Olof,24,Southampton,N
3,Svensson,Mr Johan,74,Southampton,N
3,Svensson,Mr Johan Cervin,14,Southampton,S
2,Swane,Mr George,19,Southampton,N
2,Sweet,Mr George Frederick,14,Southampton,N
1,Swift,Mrs Margaret Welles,46,Southampton,S
3,Tann?s,Mr Bash ?r,31,Cherbourg,N
3,Tann?s,Mrs Tham ?n,16,Cherbourg,S
1,Taussig,Mr Emil,52,Southampton,N
1,Taussig,Mrs Tillie,39,Southampton,S
1,Taussig,Miss Ruth,18,Southampton,S
1,Taylor,Mr Elmer Zebley,48,Southampton,S
1,Taylor,Mrs Juliet Cummins,49,Southampton,S
2,Taylor,Mr Percy Cornelius,32,Southampton,N
3,Tenglin,Mr Gunnar Isidor,25,Southampton,S
1,Thayer,Mr John Borland,49,Cherbourg,N
1,Thayer,Mrs Marian Longstreth,39,Cherbourg,S
1,Thayer,Mr John Borland Jr,17,Cherbourg,S
3,Theobald,Mr Thomas Leonard,34,Southampton,N
3,Thomas/Tannous,Mr Tannous,16,Cherbourg,N
3,Thomas/Tannous,Mr John,34,Cherbourg,N
3,Thompson,Mr Alexander Morrison,36,Southampton,N
1,Thorne,Miss Gertrude Maybelle,38,Cherbourg,S
3,Thorneycroft,Mr Percival,36,Southampton,N
3,Thorneycroft,Mrs Florence Kate,32,Southampton,S
3,Tikkanen,Mr Juho,32,Southampton,N
3,Tobin,Mr Roger,20,Queenstown,N
3,Todoroff,Mr Lalio,23,Southampton,N
3,Tomlin,Mr Ernest Portage,22,Southampton,N
2,Toomey,Miss Ellen Mary,48,Southampton,S
3,T�rber,Mr Ernst Wilhelm,41,Southampton,N
3,Torfa,Mr Assad,20,Cherbourg,N
3,T�rnquist,Mr William Henry,25,Southampton,S
3,Totevski,Mr Hristo Danchev,25,Southampton,N
2,Troupiansky,Mr Moses Aaron,23,Southampton,N
2,Trout,Mrs Jessie Laird,27,Southampton,S
2,Troutt,Miss Edwina Celia,27,Southampton,S
3,Tu�Mah,Mrs Hinnah,27,Cherbourg,S
3,Tu�Mah,Miss Mariyam,9,Cherbourg,S
3,Tu�Mah,Master Jirjis Y?suf,8,Cherbourg,S
1,Tucker,Mr Gilbert Milligan Jr,31,Cherbourg,S
3,Turcin,Mr Stjepan,36,Southampton,N
3,Turja,Miss Anna Sofia,18,Southampton,S
3,Turkula,Mrs Hedwig,63,Southampton,S
2,Turpin,Mr William John,29,Southampton,N
2,Turpin,Mrs Dorothy Ann,26,Southampton,N
1,Uruchurtu,Don. Manuel Ramirez,39,Cherbourg,N
3,Van Billiard,Mr Austin Blyler,35,Southampton,N
3,Van Billiard,Master James William,10,Southampton,N
3,Van Billiard,Master Walter John,9,Southampton,N
3,Van De Velde,Mr Johannes Josef,35,Southampton,N
3,Van Den Steen,Mr Leo Peter,28,Southampton,N
1,Van Der Hoef,Mr Wyckoff,61,Belfast,N
3,Van Impe,Mr Jean Baptiste,36,Southampton,N
3,Van Impe,Mrs Rosalie Paula,30,Southampton,N
3,Van Impe,Miss Catharina,10,Southampton,N
3,Van Melckebeke,Mr Philemon,23,Southampton,N
3,Vandercruyssen,Mr Victor,46,Southampton,N
3,Vanderplancke,Mr Julius,31,Southampton,N
3,Vanderplancke,Mrs Emelie Maria,31,Southampton,N
3,Vanderplancke,Miss Augusta Maria,18,Southampton,N
3,Vanderplancke,Mr Leo Edmondus,15,Southampton,N
3,Vandewalle,Mr Nestor Cyriel,28,Southampton,N
3,Vartanian,Mr David,22,Cherbourg,N
2,Veal,Mr James,40,Southampton,N
3,Vendel,Mr Olof Edvin,20,Southampton,N
3,Vestr�m,Miss Hulda Amanda Adolfina,14,Southampton,N
3,Vovk,Mr Janko,21,Southampton,N
3,Waelens,Mr Achille,22,Southampton,N
1,Walker,Mr William Anderson,48,Southampton,N
2,Wallcroft,Miss Ellen �Nellie�,36,Southampton,S
1,Ward,Miss Annie Moore (Maid to Mrs Charlotte Cardeza),35,Cherbourg,S
2,Ware,Mr John James,45,Southampton,N
2,Ware,Mrs Florence Louise,31,Southampton,S
2,Ware,Mr William Jeffery,23,Southampton,N
3,Ware,Mr Frederick,34,Southampton,N
1,Warren,Mr Frank Manley,63,Cherbourg,N
1,Warren,Mrs Anna Sophia,60,Cherbourg,S
3,Warren,Mr Charles William,30,Southampton,N
2,Watson,Mr Ennis Hastings,19,Belfast,N
2,Watt,Mrs Elizabeth,40,Southampton,S
2,Watt,Miss Robertha Josephine,12,Southampton,S
3,Wazli,Mr Yousif Ahmed,23,Cherbourg,N
2,Webber,Miss Susan,37,Southampton,S
3,Webber,Mr James,66,Southampton,N
1,Weir,Colonel John,59,Southampton,N
2,Weisz,Mr L�opold,37,Southampton,N
2,Weisz,Mrs Mathilde Fran�oise,37,Southampton,S
2,Wells,Mrs Addie Dart,29,Southampton,S
2,Wells,Miss Joan,4,Southampton,S
2,Wells,Master Ralph Lester,2,Southampton,S
3,Wennerstr�m,Mr August,27,Southampton,S
2,West,Mr Edwy Arthur,36,Southampton,N
2,West,Mrs Ada Mary,33,Southampton,S
2,West,Miss Constance Mirium,4,Southampton,S
2,Wheadon,Mr Edward Henry,65,Southampton,N
2,Wheeler,Mr Edwin Charles,24,Southampton,N
2,Whilems,Mr Charles,31,Southampton,S
1,White,Mr Percival Wayland,54,Southampton,N
1,White,Mr Richard Frasar,21,Southampton,N
1,White,Mrs Ella,55,Cherbourg,S
1,Wick,Colonel George Dennick,57,Southampton,N
1,Wick,Mrs Mary Peebles,45,Southampton,S
1,Wick,Miss Mary Natalie,31,Southampton,S
3,Widegren,Mr Carl Peter,51,Southampton,N
1,Widener,Mr George Dunton,50,Southampton,N
1,Widener,Mrs Eleanor,50,Southampton,S
1,Widener,Mr Harry Elkins,27,Southampton,N
3,Wiklund,Mr Karl Johan,21,Southampton,N
3,Wiklund,Mr Jakob Alfred,18,Southampton,N
3,Wilkes,Mrs Ellen,47,Southampton,S
2,Wilkinson,Mrs Elizabeth Anne,35,Southampton,S
1,Willard,Miss Constance,21,Southampton,S
3,Willer,Mr Aaron,37,Cherbourg,N
3,Willey,Mr Edward John,18,Southampton,N
1,Williams,Mr Fletcher Fellowes Lambert,43,Southampton,N
1,Williams,Mr Charles Duane,51,Cherbourg,N
1,Williams,Mr Richard Norris II,21,Cherbourg,S
2,Williams,Mr Charles Eugene,23,Southampton,S
3,Williams,Mr Howard Hugh,28,Southampton,N
3,Williams,Mr Leslie,28,Southampton,N
1,Wilson,Miss Helen Alice (Maid to Mrs Frederic Oakley Spedden),31,Cherbourg,S
3,Windel�v,Mr Einar,21,Southampton,N
3,Wirz,Mr Albert,27,Southampton,N
3,Wiseman,Mr Philippe,54,Southampton,N
3,Wittevrongel,Mr Camilius Aloysius,36,Southampton,N
2,Woodward,Mr John Wesley,32,Southampton,N
1,Woolner,Mr Hugh,45,Southampton,S
1,Wright,Mr George,62,Southampton,N
2,Wright,Miss Marion,26,Southampton,S
3,Yasbeck,Mr Antoni,27,Cherbourg,S
3,Yazbeck,Mrs Selini,15,Cherbourg,N
1,Young,Miss Marie Grice,36,Cherbourg,S
3,Yousseff (Abi Saab),Mr Gerios,26,Cherbourg,N
3,Youssiff (Sam�Aan),Mr Gerios,45,Cherbourg,N
3,Y?suf,Mrs K?tr ?n,24,Cherbourg,S
2,Yvois,Miss Henriette,24,Southampton,N
3,Zakarian,Mr Ortin,27,Cherbourg,N
3,Zakarian,Mr Mapriededer,22,Cherbourg,N
3,Zenni,Mr Philip,22,Cherbourg,S
3,Zimmermann,Mr Leo,29,Southampton,N
